{
    "title": "影像杂志",
    "cardType": 1,
    "count": 7,
    "slideCount": 7,
    "randomOrder": false,
    "wallpapers": [
        {
            "thumbPath": "./magazine01.jpg",
            "originPath": "./magazine01.jpg",
            "maskPath": "./magazine01_mask.jpg",
            "downloadPath": "https://f7.market.xiaomi.com/download/ThemeMarket/0db63075749544d2e9887a9b81ebd544c3f366313",
            "sha1": "3f366313476401e68e25b130f50088b45be935fa",
            "mattingMode": 2,
            "type": "wallpaper"
        },
        {
            "thumbPath": "./magazine02.jpg",
            "originPath": "./magazine02.jpg",
            "maskPath": "./magazine02_mask.jpg",
            "downloadPath": "https://f4.market.xiaomi.com//download/ThemeMarket/0e51ffbbe431543b998aeeddd094eb28f9d22b194",
            "sha1": "9d22b1949327c713499fa9bdfa920634dd3fe878",
            "mattingMode": 2,
            "type": "wallpaper"
        },
        {
            "thumbPath": "./magazine03.jpg",
            "originPath": "./magazine03.jpg",
            "maskPath": "./magazine03_mask.jpg",
            "downloadPath": "https://f6.market.xiaomi.com/download/ThemeMarket/07ccb277f57ac49039df1e062679a37b912c3876d",
            "sha1": "12c3876da4c825076b4b5fec9c7cfcb09a0e6c88",
            "fileSizeInKB": "30965377",
            "mattingMode": 2,
            "type": "wallpaper"
        },
        {
            "thumbPath": "./magazine04.jpg",
            "originPath": "./magazine04.jpg",
            "maskPath": "./magazine04_mask.jpg",
            "mattingMode": 2,
            "type": "wallpaper"
        },
        {
            "thumbPath": "./magazine05.jpg",
            "originPath": "./magazine05.jpg",
            "maskPath": "./magazine05_mask.jpg",
            "downloadPath": "https://f8.market.xiaomi.com/download/ThemeMarket/08d44e45df2f647f1801d1ab45cd4eff222678fcc",
            "sha1": "22678fcc5c11e7713bdd78ad51fdc905136b2a04",
            "fileSizeInKB": "17695952",
            "mattingMode": 2,
            "type": "wallpaper"
        },
        {
            "thumbPath": "./magazine06.jpg",
            "originPath": "./magazine06.jpg",
            "maskPath": "./magazine06_mask.jpg",
            "mattingMode": 2,
            "type": "wallpaper"
        },
        {
            "thumbPath": "./magazine07.jpg",
            "originPath": "./magazine07.jpg",
            "maskPath": "./magazine07_mask.jpg",
            "mattingMode": 2,
            "type": "wallpaper"
        }
    ]
}